The child's alphabet,TheChildsAlphabet.txt
"The invited alphabet, or, Address of A to B",invited.txt
The alphabet of Goody Two Shoes,GoodyTwoShoes.txt
Take your choice!,TakeYourChoice.txt
"The Infant’s Posture Alphabet; or, Harlequin’s A, B, C",Infants-posture.txt
"Goldfish at School; or, The Alphabet of Frank the Fisherman",Goldfish.txt
The Scripture Alphabet for Children,ScriptureAlphabet.txt
Osbourne's pictorial alphabet,Osbournes.txt
Tom Thumb's alphabet,TomThumb.txt
R. Cruikshank's comic alphabet,Cruikshank.txt
The Anti-Slavery Alphabet,Anti-slavery.txt
Mother's Picture Alphabet,4719680-mothers.txt
The History of Apple Pie,4841149-history-apple-pie.txt
The Union ABC,4715477_unionabc.txt
Arthur's Book of Alphabets,4758882_arthursalphabets.txt
Mavor's Illustrated Primer,Mavors.txt
"An Alphabet Allegorical, Alliterative & Amusing. Appreciable at all Ages",allegorical.txt
ABC Eatables,Eatables.txt
The Children's Moral Alphabet,Moral.txt
Barnum and Jumbo's ABC,4720877_barnumabc.txt
Old Aunt Elspa's ABC,Elspas.txt
Apple Pie,5512091-apple-pie.txt
The Bicycle ABC,4724308-bicycleabc.txt
ABC An Alphabet,abc_an_alphabet.txt
Laugh and Learn ABC Book,4976202-laugh-learn.txt
A Naval Alphabet,Naval.txt
Bowden's ABC Book of India,Bowdens.txt
The Adventures of ABC,AdventuresOfABC.txt
The Bandit Bunny Alphabet and other stories,4770063_banditbunny.txt
An ABC,5754953-an-abc.txt
Babes of the Empire from A to Z,BabesOfTheEmpire.txt
Denslow's ABC Book,6276923-denslows.txt
The World at Home ABC,WorldAtHome.txt
The Twins ABC,5336385-twins-abc.txt
Goop Tales,GoopTales.txt
The Union Label Alphabet for Little and Big Children,4770717-union-label.txt
The Keith ABC for children,Keiths.txt
The Teddy Bear ABC,5328640_teddybearabc.txt
ABC Fun,4753534-abcfun.txt
Wright’s Alphabet Book,wrights.txt
Edward Lear's ABC,EdwardLear.txt
ABC Health Cards,HealthCards.txt
ABC and the Children of Many Nations,5645244-many-nations.txt
A Bizarre Company,bizarre.txt
ABC Jingles,Jingles.txt
An Alphabet of Fairy Tales,4764206-alphabet-fairy-tales.txt
The Adventurous Billy and Betty,adventurous.txt
Little Folks' ABC,4968972_littlefolksabc.txt
An Alphabet for Boys & Girls,4973623-boys-girls.txt
Tony Sarg's Alphabet,4769970-tony-sarg.txt
The Modern ABC Book,6273614-modern-abc.txt
A Canadian child's ABC,CanadianChilds.txt
Handtalk,handtalk.txt
Afro-Bets,afrobets.txt
